Level,Age,Languages,ProjectInterest,Goal,AlgorithmComfort,WebDesignComfort,ExcitingDevelopment,FrontendFrameworks,JavaFrameworks,ProblemSolvingApproach,result
Beginner,20,"HTML/CSS, Python",Websites and web applications,Get a job in web development,Somewhat comfortable,Very comfortable,Creating visually appealing user interfaces,React,None,Visualizing the problem and solution,6
Intermediate,25,"JavaScript, Java",Algorithms and data structures,Get a job in software development focusing on data structures and algorithms,Very comfortable,Somewhat comfortable,Solving complex algorithmic problems,Angular,Spring,Breaking down complex problems into simpler ones,8
Advanced,30,"C++, Python",Data analysis and machine learning,Enhance current skills,Very comfortable,Not comfortable at all,Working on backend services and APIs,None,Hibernate,Experimenting and iterating on solutions quickly,9
Beginner,18,HTML/CSS,Game development,Build personal projects,Not comfortable at all,Somewhat comfortable,Building full-stack applications,None,None,Following a structured and logical approach,3
Intermediate,22,"Java, JavaScript",Mobile app development,Prepare for coding interviews,Somewhat comfortable,Very comfortable,Creating visually appealing user interfaces,Vue.js,None,Breaking down complex problems into simpler ones,7
Beginner,20,"HTML/CSS, Python",Websites and web applications,Get a job in web development,Somewhat comfortable,Very comfortable,Creating visually appealing user interfaces,React,None,Visualizing the problem and solution,6
Intermediate,25,"JavaScript, Java",Algorithms and data structures,Get a job in software development focusing on data structures and algorithms,Very comfortable,Somewhat comfortable,Solving complex algorithmic problems,Angular,Spring,Breaking down complex problems into simpler ones,8
Advanced,30,"C++, Python",Data analysis and machine learning,Enhance current skills,Very comfortable,Not comfortable at all,Working on backend services and APIs,None,Hibernate,Experimenting and iterating on solutions quickly,9
Beginner,18,HTML/CSS,Game development,Build personal projects,Not comfortable at all,Somewhat comfortable,Building full-stack applications,None,None,Following a structured and logical approach,3
Intermediate,22,"Java, JavaScript",Mobile app development,Prepare for coding interviews,Somewhat comfortable,Very comfortable,Creating visually appealing user interfaces,Vue.js,None,Breaking down complex problems into simpler ones,7
Beginner,21,JavaScript,Websites and web applications,Enhance current skills,Not comfortable at all,Very comfortable,Creating visually appealing user interfaces,React,None,Visualizing the problem and solution,5
Advanced,35,"Python, C++",Data analysis and machine learning,Build personal projects,Very comfortable,Not comfortable at all,Working on backend services and APIs,None,Hibernate,Breaking down complex problems into simpler ones,8
Intermediate,28,"Java, HTML/CSS",Algorithms and data structures,Prepare for coding interviews,Somewhat comfortable,Somewhat comfortable,Solving complex algorithmic problems,Vue.js,Spring,Following a structured and logical approach,7
Beginner,19,"Python, HTML/CSS",Game development,Get a job in web development,Not comfortable at all,Very comfortable,Building full-stack applications,None,None,Experimenting and iterating on solutions quickly,4
Intermediate,26,"JavaScript, Java",Mobile app development,Enhance current skills,Very comfortable,Somewhat comfortable,Creating visually appealing user interfaces,Angular,None,Breaking down complex problems into simpler ones,6
Beginner,23,"HTML/CSS, JavaScript",Websites and web applications,Get a job in web development,Somewhat comfortable,Very comfortable,Creating visually appealing user interfaces,React,None,Visualizing the problem and solution,5
Intermediate,29,"Java, Python",Algorithms and data structures,Get a job in software development focusing on data structures and algorithms,Very comfortable,Somewhat comfortable,Solving complex algorithmic problems,Angular,Spring,Breaking down complex problems into simpler ones,8
Advanced,34,"C++, JavaScript",Data analysis and machine learning,Enhance current skills,Very comfortable,Not comfortable at all,Working on backend services and APIs,None,Hibernate,Experimenting and iterating on solutions quickly,9
Beginner,18,"HTML/CSS, Python",Game development,Build personal projects,Not comfortable at all,Somewhat comfortable,Building full-stack applications,None,None,Following a structured and logical approach,3
Intermediate,22,"Java, JavaScript",Mobile app development,Prepare for coding interviews,Somewhat comfortable,Very comfortable,Creating visually appealing user interfaces,Vue.js,None,Breaking down complex problems into simpler ones,7
Beginner,20,"HTML/CSS, Python",Websites and web applications,Get a job in web development,Somewhat comfortable,Very comfortable,Creating visually appealing user interfaces,React,None,Visualizing the problem and solution,6
Intermediate,25,"JavaScript, Java",Algorithms and data structures,Get a job in software development focusing on data structures and algorithms,Very comfortable,Somewhat comfortable,Solving complex algorithmic problems,Angular,Spring,Breaking down complex problems into simpler ones,8
Advanced,30,"C++, Python",Data analysis and machine learning,Enhance current skills,Very comfortable,Not comfortable at all,Working on backend services and APIs,None,Hibernate,Experimenting and iterating on solutions quickly,9
Beginner,18,HTML/CSS,Game development,Build personal projects,Not comfortable at all,Somewhat comfortable,Building full-stack applications,None,None,Following a structured and logical approach,3
Intermediate,22,"Java, JavaScript",Mobile app development,Prepare for coding interviews,Somewhat comfortable,Very comfortable,Creating visually appealing user interfaces,Vue.js,None,Breaking down complex problems into simpler ones,7
Beginner,21,JavaScript,Websites and web applications,Enhance current skills,Not comfortable at all,Very comfortable,Creating visually appealing user interfaces,React,None,Visualizing the problem and solution,5
Advanced,35,"Python, C++",Data analysis and machine learning,Build personal projects,Very comfortable,Not comfortable at all,Working on backend services and APIs,None,Hibernate,Breaking down complex problems into simpler ones,8
Intermediate,28,"Java, HTML/CSS",Algorithms and data structures,Prepare for coding interviews,Somewhat comfortable,Somewhat comfortable,Solving complex algorithmic problems,Vue.js,Spring,Following a structured and logical approach,7
Beginner,19,"Python, HTML/CSS",Game development,Get a job in web development,Not comfortable at all,Very comfortable,Building full-stack applications,None,None,Experimenting and iterating on solutions quickly,4
Intermediate,26,"JavaScript, Java",Mobile app development,Enhance current skills,Very comfortable,Somewhat comfortable,Creating visually appealing user interfaces,Angular,None,Breaking down complex problems into simpler ones,6
Beginner,23,"HTML/CSS, JavaScript",Websites and web applications,Get a job in web development,Somewhat comfortable,Very comfortable,Creating visually appealing user interfaces,React,None,Visualizing the problem and solution,5
Intermediate,29,"Java, Python",Algorithms and data structures,Get a job in software development focusing on data structures and algorithms,Very comfortable,Somewhat comfortable,Solving complex algorithmic problems,Angular,Spring,Breaking down complex problems into simpler ones,8
Advanced,34,"C++, JavaScript",Data analysis and machine learning,Enhance current skills,Very comfortable,Not comfortable at all,Working on backend services and APIs,None,Hibernate,Experimenting and iterating on solutions quickly,9
Beginner,18,"HTML/CSS, Python",Game development,Build personal projects,Not comfortable at all,Somewhat comfortable,Building full-stack applications,None,None,Following a structured and logical approach,3
Intermediate,22,"Java, JavaScript",Mobile app development,Prepare for coding interviews,Somewhat comfortable,Very comfortable,Creating visually appealing user interfaces,Vue.js,None,Breaking down complex problems into simpler ones,7
Advanced,31,"Java, C++",Algorithms and data structures,Get a job in software development focusing on data structures and algorithms,Very comfortable,Not comfortable at all,Solving complex algorithmic problems,None,Hibernate,Experimenting and iterating on solutions quickly,9
Intermediate,27,"HTML/CSS, Python",Websites and web applications,Get a job in web development,Somewhat comfortable,Very comfortable,Creating visually appealing user interfaces,React,None,Breaking down complex problems into simpler ones,7
Beginner,22,"JavaScript, Python",Mobile app development,Enhance current skills,Not comfortable at all,Somewhat comfortable,Creating visually appealing user interfaces,None,None,Following a structured and logical approach,4
Advanced,36,"C++, Java",Data analysis and machine learning,Build personal projects,Very comfortable,Not comfortable at all,Working on backend services and APIs,None,Hibernate,Breaking down complex problems into simpler ones,9
Intermediate,24,"HTML/CSS, JavaScript",Game development,Prepare for coding interviews,Somewhat comfortable,Very comfortable,Creating visually appealing user interfaces,Vue.js,None,Experimenting and iterating on solutions quickly,7
Beginner,20,"HTML/CSS, Python",Websites and web applications,Get a job in web development,Somewhat comfortable,Very comfortable,Creating visually appealing user interfaces,React,None,Visualizing the problem and solution,6
Intermediate,25,"JavaScript, Java",Algorithms and data structures,Get a job in software development focusing on data structures and algorithms,Very comfortable,Somewhat comfortable,Solving complex algorithmic problems,Angular,Spring,Breaking down complex problems into simpler ones,8
Advanced,30,"C++, Python",Data analysis and machine learning,Enhance current skills,Very comfortable,Not comfortable at all,Working on backend services and APIs,None,Hibernate,Experimenting and iterating on solutions quickly,9
Beginner,18,HTML/CSS,Game development,Build personal projects,Not comfortable at all,Somewhat comfortable,Building full-stack applications,None,None,Following a structured and logical approach,3
Intermediate,22,"Java, JavaScript",Mobile app development,Prepare for coding interviews,Somewhat comfortable,Very comfortable,Creating visually appealing user interfaces,Vue.js,None,Breaking down complex problems into simpler ones,7
Beginner,21,JavaScript,Websites and web applications,Enhance current skills,Not comfortable at all,Very comfortable,Creating visually appealing user interfaces,React,None,Visualizing the problem and solution,5
Advanced,35,"Python, C++",Data analysis and machine learning,Build personal projects,Very comfortable,Not comfortable at all,Working on backend services and APIs,None,Hibernate,Breaking down complex problems into simpler ones,8
Intermediate,28,"Java, HTML/CSS",Algorithms and data structures,Prepare for coding interviews,Somewhat comfortable,Somewhat comfortable,Solving complex algorithmic problems,Vue.js,Spring,Following a structured and logical approach,7
Beginner,19,"Python, HTML/CSS",Game development,Get a job in web development,Not comfortable at all,Very comfortable,Building full-stack applications,None,None,Experimenting and iterating on solutions quickly,4
Intermediate,26,"JavaScript, Java",Mobile app development,Enhance current skills,Very comfortable,Somewhat comfortable,Creating visually appealing user interfaces,Angular,None,Breaking down complex problems into simpler ones,6
Beginner,23,"HTML/CSS, JavaScript",Websites and web applications,Get a job in web development,Somewhat comfortable,Very comfortable,Creating visually appealing user interfaces,React,None,Visualizing the problem and solution,5
Intermediate,29,"Java, Python",Algorithms and data structures,Get a job in software development focusing on data structures and algorithms,Very comfortable,Somewhat comfortable,Solving complex algorithmic problems,Angular,Spring,Breaking down complex problems into simpler ones,8
Advanced,34,"C++, JavaScript",Data analysis and machine learning,Enhance current skills,Very comfortable,Not comfortable at all,Working on backend services and APIs,None,Hibernate,Experimenting and iterating on solutions quickly,9
Beginner,18,"HTML/CSS, Python",Game development,Build personal projects,Not comfortable at all,Somewhat comfortable,Building full-stack applications,None,None,Following a structured and logical approach,3
Intermediate,22,"Java, JavaScript",Mobile app development,Prepare for coding interviews,Somewhat comfortable,Very comfortable,Creating visually appealing user interfaces,Vue.js,None,Breaking down complex problems into simpler ones,7
Advanced,31,"Java, C++",Algorithms and data structures,Get a job in software development focusing on data structures and algorithms,Very comfortable,Not comfortable at all,Solving complex algorithmic problems,None,Hibernate,Experimenting and iterating on solutions quickly,9
Intermediate,27,"HTML/CSS, Python",Websites and web applications,Get a job in web development,Somewhat comfortable,Very comfortable,Creating visually appealing user interfaces,React,None,Breaking down complex problems into simpler ones,7
Beginner,22,"JavaScript, Python",Mobile app development,Enhance current skills,Not comfortable at all,Somewhat comfortable,Creating visually appealing user interfaces,None,None,Following a structured and logical approach,4
Intermediate,26,"Java, JavaScript",Algorithms and data structures,Enhance current skills,Somewhat comfortable,Not comfortable at all,Solving complex algorithmic problems,None,None,Breaking down complex problems into simpler ones,4
Advanced,35,"Python, C++",Data analysis and machine learning,Prepare for coding interviews,Very comfortable,Not comfortable at all,Working on backend services and APIs,None,Hibernate,Experimenting and iterating on solutions quickly,5
Beginner,19,"HTML/CSS, JavaScript",Game development,Build personal projects,Not comfortable at all,Somewhat comfortable,Building full-stack applications,None,None,Following a structured and logical approach,3
Intermediate,27,"Java, Python",Mobile app development,Enhance current skills,Somewhat comfortable,Somewhat comfortable,Creating visually appealing user interfaces,None,Spring,Breaking down complex problems into simpler ones,4
Beginner,21,"JavaScript, HTML/CSS",Websites and web applications,Get a job in web development,Somewhat comfortable,Very comfortable,Creating visually appealing user interfaces,React,None,Visualizing the problem and solution,5
Intermediate,29,"Python, Java",Algorithms and data structures,Get a job in software development focusing on data structures and algorithms,Somewhat comfortable,Not comfortable at all,Solving complex algorithmic problems,None,Hibernate,Breaking down complex problems into simpler ones,4
Advanced,33,"C++, JavaScript",Data analysis and machine learning,Build personal projects,Very comfortable,Not comfortable at all,Working on backend services and APIs,None,None,Experimenting and iterating on solutions quickly,5
Beginner,20,"HTML/CSS, Python",Websites and web applications,Get a job in web development,Somewhat comfortable,Very comfortable,Creating visually appealing user interfaces,React,None,Visualizing the problem and solution,6
Intermediate,25,"JavaScript, Java",Algorithms and data structures,Get a job in software development focusing on data structures and algorithms,Very comfortable,Somewhat comfortable,Solving complex algorithmic problems,Angular,Spring,Breaking down complex problems into simpler ones,8
Advanced,30,"C++, Python",Data analysis and machine learning,Enhance current skills,Very comfortable,Not comfortable at all,Working on backend services and APIs,None,Hibernate,Experimenting and iterating on solutions quickly,9
Beginner,18,HTML/CSS,Game development,Build personal projects,Not comfortable at all,Somewhat comfortable,Building full-stack applications,None,None,Following a structured and logical approach,3
Intermediate,22,"Java, JavaScript",Mobile app development,Prepare for coding interviews,Somewhat comfortable,Very comfortable,Creating visually appealing user interfaces,Vue.js,None,Breaking down complex problems into simpler ones,7
Beginner,21,JavaScript,Websites and web applications,Enhance current skills,Not comfortable at all,Very comfortable,Creating visually appealing user interfaces,React,None,Visualizing the problem and solution,5
Advanced,35,"Python, C++",Data analysis and machine learning,Build personal projects,Very comfortable,Not comfortable at all,Working on backend services and APIs,None,Hibernate,Breaking down complex problems into simpler ones,8
Intermediate,28,"Java, HTML/CSS",Algorithms and data structures,Prepare for coding interviews,Somewhat comfortable,Somewhat comfortable,Solving complex algorithmic problems,Vue.js,Spring,Following a structured and logical approach,7
Beginner,19,"Python, HTML/CSS",Game development,Get a job in web development,Not comfortable at all,Very comfortable,Building full-stack applications,None,None,Experimenting and iterating on solutions quickly,4
Intermediate,26,"JavaScript, Java",Mobile app development,Enhance current skills,Very comfortable,Somewhat comfortable,Creating visually appealing user interfaces,Angular,None,Breaking down complex problems into simpler ones,6
Beginner,23,"HTML/CSS, JavaScript",Websites and web applications,Get a job in web development,Somewhat comfortable,Very comfortable,Creating visually appealing user interfaces,React,None,Visualizing the problem and solution,5
Intermediate,29,"Java, Python",Algorithms and data structures,Get a job in software development focusing on data structures and algorithms,Very comfortable,Somewhat comfortable,Solving complex algorithmic problems,Angular,Spring,Breaking down complex problems into simpler ones,8
Advanced,34,"C++, JavaScript",Data analysis and machine learning,Enhance current skills,Very comfortable,Not comfortable at all,Working on backend services and APIs,None,Hibernate,Experimenting and iterating on solutions quickly,9
Beginner,18,"HTML/CSS, Python",Game development,Build personal projects,Not comfortable at all,Somewhat comfortable,Building full-stack applications,None,None,Following a structured and logical approach,3
Intermediate,22,"Java, JavaScript",Mobile app development,Prepare for coding interviews,Somewhat comfortable,Very comfortable,Creating visually appealing user interfaces,Vue.js,None,Breaking down complex problems into simpler ones,7
Advanced,31,"Java, C++",Algorithms and data structures,Get a job in software development focusing on data structures and algorithms,Very comfortable,Not comfortable at all,Solving complex algorithmic problems,None,Hibernate,Experimenting and iterating on solutions quickly,9
Intermediate,27,"HTML/CSS, Python",Websites and web applications,Get a job in web development,Somewhat comfortable,Very comfortable,Creating visually appealing user interfaces,React,None,Breaking down complex problems into simpler ones,7
Beginner,22,"JavaScript, Python",Mobile app development,Enhance current skills,Not comfortable at all,Somewhat comfortable,Creating visually appealing user interfaces,None,None,Following a structured and logical approach,4
Advanced,36,"C++, Java",Data analysis and machine learning,Build personal projects,Very comfortable,Not comfortable at all,Working on backend services and APIs,None,Hibernate,Breaking down complex problems into simpler ones,9
Intermediate,24,"HTML/CSS, JavaScript",Game development,Prepare for coding interviews,Somewhat comfortable,Very comfortable,Creating visually appealing user interfaces,Vue.js,None,Experimenting and iterating on solutions quickly,7
Beginner,20,"HTML/CSS, Java",Websites and web applications,Get a job in web development,Somewhat comfortable,Somewhat comfortable,Creating visually appealing user interfaces,None,None,Visualizing the problem and solution,5
Intermediate,26,"Java, JavaScript",Algorithms and data structures,Enhance current skills,Somewhat comfortable,Not comfortable at all,Solving complex algorithmic problems,None,None,Breaking down complex problems into simpler ones,4
Advanced,35,"Python, C++",Data analysis and machine learning,Prepare for coding interviews,Very comfortable,Not comfortable at all,Working on backend services and APIs,None,Hibernate,Experimenting and iterating on solutions quickly,5
Beginner,19,"HTML/CSS, JavaScript",Game development,Build personal projects,Not comfortable at all,Somewhat comfortable,Building full-stack applications,None,None,Following a structured and logical approach,3
Intermediate,27,"Java, Python",Mobile app development,Enhance current skills,Somewhat comfortable,Somewhat comfortable,Creating visually appealing user interfaces,None,Spring,Breaking down complex problems into simpler ones,4
Beginner,21,"JavaScript, HTML/CSS",Websites and web applications,Get a job in web development,Somewhat comfortable,Very comfortable,Creating visually appealing user interfaces,React,None,Visualizing the problem and solution,5
Intermediate,29,"Python, Java",Algorithms and data structures,Get a job in software development focusing on data structures and algorithms,Somewhat comfortable,Not comfortable at all,Solving complex algorithmic problems,None,Hibernate,Breaking down complex problems into simpler ones,4
Advanced,33,"C++, JavaScript",Data analysis and machine learning,Build personal projects,Very comfortable,Not comfortable at all,Working on backend services and APIs,None,None,Experimenting and iterating on solutions quickly,5
Beginner,18,"HTML/CSS, Python",Game development,Enhance current skills,Not comfortable at all,Somewhat comfortable,Building full-stack applications,None,None,Following a structured and logical approach,3
Intermediate,24,"Java, Python",Websites and web applications,Get a job in web development,Somewhat comfortable,Very comfortable,Creating visually appealing user interfaces,Vue.js,None,Breaking down complex problems into simpler ones,4
Beginner,20,"HTML/CSS, Python",Websites and web applications,Get a job in web development,Somewhat comfortable,Very comfortable,Creating visually appealing user interfaces,React,None,Visualizing the problem and solution,6
Intermediate,25,"JavaScript, Java",Algorithms and data structures,Get a job in software development focusing on data structures and algorithms,Very comfortable,Somewhat comfortable,Solving complex algorithmic problems,Angular,Spring,Breaking down complex problems into simpler ones,8
Advanced,30,"C++, Python",Data analysis and machine learning,Enhance current skills,Very comfortable,Not comfortable at all,Working on backend services and APIs,None,Hibernate,Experimenting and iterating on solutions quickly,9
Beginner,18,HTML/CSS,Game development,Build personal projects,Not comfortable at all,Somewhat comfortable,Building full-stack applications,None,None,Following a structured and logical approach,3
Intermediate,22,"Java, JavaScript",Mobile app development,Prepare for coding interviews,Somewhat comfortable,Very comfortable,Creating visually appealing user interfaces,Vue.js,None,Breaking down complex problems into simpler ones,7
Beginner,21,JavaScript,Websites and web applications,Enhance current skills,Not comfortable at all,Very comfortable,Creating visually appealing user interfaces,React,None,Visualizing the problem and solution,5
